Campus,City,Degree,Email,EnrollmentStatus,EntryTerm,EntryYear,ExpectedGraduateTerm,ExpectedGraduateYear,FirstName,Gender,LastName,LocalAddress,LocalPhone,MiddleName,NeuId,Scholarship,State,VisaType,Zip
BOSTON,Boston,MASTERS,Nancy000@gmail.com,FULL_TIME,FALL,2016,SUMMER,2018,Nancy,F,Hall,360 Huntington Ave,6174389135,,000,No,MA,,02115
BOSTON,Boston,MASTERS,Kenneth001@gmail.com,FULL_TIME,FALL,2016,SUMMER,2018,Kenneth,M,Smith,360 Huntington Ave,6172158105,,001,No,MA,F1,02115
BOSTON,Boston,MASTERS,Nancy002@gmail.com,GRADUATED,SPRING,2015,SUMMER,2017,Nancy,F,Brown,360 Huntington Ave,6170868902,,002,No,MA,,02115
BOSTON,Boston,MASTERS,John003@gmail.com,FULL_TIME,SPRING,2016,SUMMER,2018,John,M,Wood,360 Huntington Ave,6170872635,,003,No,MA,,02115
SILICON_VALLEY,San Jose,MASTERS,Mary004@gmail.com,FULL_TIME,FALL,2017,SUMMER,2019,Mary,F,Wood,Front Street,2202575643,,004,No,CA,,94080
BOSTON,Boston,MASTERS,Paul005@gmail.com,FULL_TIME,FALL,2016,SUMMER,2018,Paul,M,Johnson,360 Huntington Ave,6179385473,,005,Yes,MA,F1,02115
SEATTLE,Seattle,MASTERS,David006@gmail.com,FULL_TIME,FALL,2018,SUMMER,2020,David,M,Gray,401 Terry Ave N,2069957778,,006,No,WA,,98109
BOSTON,Boston,MASTERS,Mary007@gmail.com,GRADUATED,SPRING,2014,SUMMER,2016,Mary,F,Taylor,360 Huntington Ave,6177528917,,007,Yes,MA,F1,02115
BOSTON,Boston,MASTERS,Jessica008@gmail.com,FULL_TIME,SPRING,2018,SUMMER,2020,Jessica,F,Davis,360 Huntington Ave,6179571836,,008,No,MA,,02115
BOSTON,Boston,MASTERS,John009@gmail.com,FULL_TIME,SPRING,2018,SUMMER,2020,John,M,Smith,360 Huntington Ave,6177027224,,009,No,MA,F1,02115
BOSTON,Boston,MASTERS,Richard010@gmail.com,FULL_TIME,FALL,2017,SUMMER,2019,Richard,M,Williams,360 Huntington Ave,6171873160,,010,No,MA,,02115
SILICON_VALLEY,San Jose,MASTERS,Barbara011@gmail.com,FULL_TIME,FALL,2018,SUMMER,2020,Barbara,F,Taylor,Front Street,2209501607,,011,No,CA,,94080
SEATTLE,Seattle,MASTERS,Thomas012@gmail.com,FULL_TIME,FALL,2018,SUMMER,2020,Thomas,M,Brown,401 Terry Ave N,2065084578,,012,No,WA,F1,98109
SEATTLE,Seattle,MASTERS,Dorothy013@gmail.com,FULL_TIME,FALL,2018,SUMMER,2020,Dorothy,F,White,401 Terry Ave N,2060795753,,013,No,WA,,98109
BOSTON,Boston,MASTERS,Mark014@gmail.com,FULL_TIME,FALL,2016,SUMMER,2018,Mark,M,Lee,360 Huntington Ave,6178406549,,014,No,MA,,02115
SEATTLE,Seattle,MASTERS,Kimberly015@gmail.com,GRADUATED,FALL,2015,SUMMER,2017,Kimberly,F,Lee,401 Terry Ave N,2068357207,,015,Yes,WA,F1,98109
SEATTLE,Seattle,MASTERS,Barbara016@gmail.com,FULL_TIME,SPRING,2017,SUMMER,2019,Barbara,F,Gray,401 Terry Ave N,2066267402,,016,No,WA,F1,98109
SEATTLE,Seattle,MASTERS,Richard017@gmail.com,FULL_TIME,FALL,2018,SUMMER,2020,Richard,M,Hall,401 Terry Ave N,2061551096,,017,No,WA,F1,98109
BOSTON,Boston,MASTERS,Charles018@gmail.com,FULL_TIME,FALL,2018,SUMMER,2020,Charles,M,White,360 Huntington Ave,6173384398,,018,No,MA,F1,02115
BOSTON,Boston,MASTERS,Richard019@gmail.com,FULL_TIME,FALL,2016,SUMMER,2018,Richard,M,Lee,360 Huntington Ave,6174418729,,019,No,MA,F1,02115
SEATTLE,Seattle,MASTERS,Donna020@gmail.com,GRADUATED,FALL,2014,SUMMER,2016,Donna,F,Allen,401 Terry Ave N,2067251028,,020,No,WA,,98109
CHARLOTTE,Charlotte,MASTERS,Betty021@gmail.com,FULL_TIME,SPRING,2016,SUMMER,2018,Betty,F,Brown,101 N Tryon St,9805302786,,021,No,NC,,28246
BOSTON,Boston,MASTERS,John022@gmail.com,FULL_TIME,FALL,2018,SUMMER,2020,John,M,Lopez,360 Huntington Ave,6178090346,,022,No,MA,F1,02115
SEATTLE,Seattle,MASTERS,William023@gmail.com,FULL_TIME,FALL,2017,SUMMER,2019,William,M,Lee,401 Terry Ave N,2060468756,,023,Yes,WA,F1,98109
BOSTON,Boston,MASTERS,Margaret024@gmail.com,FULL_TIME,FALL,2017,SUMMER,2019,Margaret,F,Wilson,360 Huntington Ave,6172806759,,024,No,MA,,02115
BOSTON,Boston,MASTERS,Susan025@gmail.com,FULL_TIME,FALL,2016,SUMMER,2018,Susan,F,Williams,360 Huntington Ave,6179692480,,025,No,MA,,02115
SILICON_VALLEY,San Jose,MASTERS,Jennifer026@gmail.com,FULL_TIME,FALL,2016,SUMMER,2018,Jennifer,F,Lee,Front Street,2203405393,,026,No,CA,F1,94080
BOSTON,Boston,MASTERS,Paul027@gmail.com,GRADUATED,SPRING,2014,SUMMER,2016,Paul,M,Perry,360 Huntington Ave,6176760492,,027,No,MA,,02115
BOSTON,Boston,MASTERS,David028@gmail.com,FULL_TIME,FALL,2017,SUMMER,2019,David,M,Perry,360 Huntington Ave,6171506856,,028,No,MA,F1,02115
BOSTON,Boston,MASTERS,Jennifer029@gmail.com,FULL_TIME,FALL,2017,SUMMER,2019,Jennifer,F,Gray,360 Huntington Ave,6174155594,,029,No,MA,,02115
SILICON_VALLEY,San Jose,MASTERS,Donna030@gmail.com,FULL_TIME,FALL,2018,SUMMER,2020,Donna,F,Hall,Front Street,2205426067,,030,No,CA,F1,94080
SEATTLE,Seattle,MASTERS,Steven031@gmail.com,FULL_TIME,SPRING,2016,SUMMER,2018,Steven,M,Ward,401 Terry Ave N,2067080018,,031,No,WA,,98109
BOSTON,Boston,MASTERS,Mark032@gmail.com,FULL_TIME,FALL,2018,SUMMER,2020,Mark,M,Perry,360 Huntington Ave,6173865023,,032,No,MA,F1,02115
BOSTON,Boston,MASTERS,Karen033@gmail.com,GRADUATED,FALL,2014,SUMMER,2016,Karen,F,Taylor,360 Huntington Ave,6178433440,,033,No,MA,,02115
SEATTLE,Seattle,MASTERS,Jessica034@gmail.com,FULL_TIME,SPRING,2018,SUMMER,2020,Jessica,F,Taylor,401 Terry Ave N,2062000851,,034,No,WA,F1,98109
SEATTLE,Seattle,MASTERS,Margaret035@gmail.com,GRADUATED,FALL,2014,SUMMER,2016,Margaret,F,Perry,401 Terry Ave N,2063118833,,035,Yes,WA,F1,98109
SEATTLE,Seattle,MASTERS,Betty036@gmail.com,FULL_TIME,FALL,2017,SUMMER,2019,Betty,F,Hall,401 Terry Ave N,2065789972,,036,No,WA,,98109
SEATTLE,Seattle,MASTERS,William037@gmail.com,FULL_TIME,FALL,2016,SUMMER,2018,William,M,Wilson,401 Terry Ave N,2062152342,,037,No,WA,,98109
SEATTLE,Seattle,MASTERS,Kenneth038@gmail.com,FULL_TIME,FALL,2017,SUMMER,2019,Kenneth,M,Jones,401 Terry Ave N,2062459249,,038,No,WA,F1,98109
SEATTLE,Seattle,MASTERS,Ashley039@gmail.com,FULL_TIME,FALL,2017,SUMMER,2019,Ashley,F,Carter,401 Terry Ave N,2067019489,,039,No,WA,F1,98109
BOSTON,Boston,MASTERS,Andrew040@gmail.com,GRADUATED,FALL,2014,SUMMER,2016,Andrew,M,Davis,360 Huntington Ave,6177913388,,040,No,MA,F1,02115
SEATTLE,Seattle,MASTERS,Linda041@gmail.com,FULL_TIME,FALL,2018,SUMMER,2020,Linda,F,Carter,401 Terry Ave N,2062184271,,041,No,WA,,98109
SEATTLE,Seattle,MASTERS,David042@gmail.com,FULL_TIME,FALL,2018,SUMMER,2020,David,M,Gray,401 Terry Ave N,2066911983,,042,No,WA,,98109
SEATTLE,Seattle,MASTERS,Paul043@gmail.com,FULL_TIME,FALL,2017,SUMMER,2019,Paul,M,Taylor,401 Terry Ave N,2064860285,,043,No,WA,F1,98109
BOSTON,Boston,MASTERS,Linda044@gmail.com,FULL_TIME,SPRING,2016,SUMMER,2018,Linda,F,Williams,360 Huntington Ave,6172701842,,044,No,MA,F1,02115
SEATTLE,Seattle,MASTERS,Jessica045@gmail.com,GRADUATED,SPRING,2015,SUMMER,2017,Jessica,F,Jackson,401 Terry Ave N,2063600774,,045,Yes,WA,F1,98109
SEATTLE,Seattle,MASTERS,Richard046@gmail.com,FULL_TIME,SPRING,2017,SUMMER,2019,Richard,M,Allen,401 Terry Ave N,2069250001,,046,No,WA,F1,98109
SEATTLE,Seattle,MASTERS,Sandra047@gmail.com,GRADUATED,SPRING,2014,SUMMER,2016,Sandra,F,Perry,401 Terry Ave N,2060896015,,047,No,WA,,98109
BOSTON,Boston,MASTERS,Susan048@gmail.com,GRADUATED,FALL,2014,SUMMER,2016,Susan,F,Perry,360 Huntington Ave,6175756382,,048,No,MA,F1,02115
BOSTON,Boston,MASTERS,Mary049@gmail.com,GRADUATED,FALL,2014,SUMMER,2016,Mary,F,Lopez,360 Huntington Ave,6179919218,,049,No,MA,F1,02115
BOSTON,Boston,MASTERS,Ashley050@gmail.com,FULL_TIME,FALL,2016,SUMMER,2018,Ashley,F,White,360 Huntington Ave,6179044718,,050,Yes,MA,F1,02115
BOSTON,Boston,MASTERS,Ashley051@gmail.com,FULL_TIME,FALL,2016,SUMMER,2018,Ashley,F,Taylor,360 Huntington Ave,6179528517,,051,No,MA,F1,02115
BOSTON,Boston,MASTERS,Charles052@gmail.com,FULL_TIME,SPRING,2017,SUMMER,2019,Charles,M,Johnson,360 Huntington Ave,6170854363,,052,No,MA,F1,02115
CHARLOTTE,Charlotte,MASTERS,Steven053@gmail.com,FULL_TIME,FALL,2017,SUMMER,2019,Steven,M,Davis,101 N Tryon St,9801563398,,053,No,NC,,28246
BOSTON,Boston,MASTERS,Linda054@gmail.com,GRADUATED,FALL,2015,SUMMER,2017,Linda,F,Carter,360 Huntington Ave,6178453846,,054,No,MA,,02115
CHARLOTTE,Charlotte,MASTERS,John055@gmail.com,FULL_TIME,FALL,2018,SUMMER,2020,John,M,Lopez,101 N Tryon St,9800223491,,055,No,NC,F1,28246
BOSTON,Boston,MASTERS,Barbara056@gmail.com,GRADUATED,SPRING,2015,SUMMER,2017,Barbara,F,Jones,360 Huntington Ave,6176659113,,056,No,MA,,02115
BOSTON,Boston,MASTERS,Donald057@gmail.com,FULL_TIME,FALL,2018,SUMMER,2020,Donald,M,Hall,360 Huntington Ave,6174461049,,057,No,MA,F1,02115
BOSTON,Boston,MASTERS,Donna058@gmail.com,FULL_TIME,FALL,2016,SUMMER,2018,Donna,F,Jones,360 Huntington Ave,6176590055,,058,Yes,MA,F1,02115
BOSTON,Boston,MASTERS,David059@gmail.com,FULL_TIME,FALL,2018,SUMMER,2020,David,M,Jackson,360 Huntington Ave,6171732408,,059,No,MA,F1,02115
SEATTLE,Seattle,MASTERS,Paul060@gmail.com,FULL_TIME,FALL,2018,SUMMER,2020,Paul,M,Carter,401 Terry Ave N,2065736415,,060,No,WA,F1,98109
SEATTLE,Seattle,MASTERS,Betty061@gmail.com,FULL_TIME,FALL,2017,SUMMER,2019,Betty,F,Lopez,401 Terry Ave N,2066347233,,061,No,WA,,98109
BOSTON,Boston,MASTERS,Susan062@gmail.com,FULL_TIME,FALL,2017,SUMMER,2019,Susan,F,Williams,360 Huntington Ave,6173291951,,062,No,MA,F1,02115
CHARLOTTE,Charlotte,MASTERS,Charles063@gmail.com,FULL_TIME,FALL,2017,SUMMER,2019,Charles,M,Johnson,101 N Tryon St,9801865536,,063,No,NC,,28246
SEATTLE,Seattle,MASTERS,Lisa064@gmail.com,FULL_TIME,FALL,2017,SUMMER,2019,Lisa,F,White,401 Terry Ave N,2064469337,,064,No,WA,,98109
BOSTON,Boston,MASTERS,Carol065@gmail.com,FULL_TIME,SPRING,2018,SUMMER,2020,Carol,F,Smith,360 Huntington Ave,6175212937,,065,No,MA,F1,02115
SEATTLE,Seattle,MASTERS,Carol066@gmail.com,GRADUATED,FALL,2014,SUMMER,2016,Carol,F,Williams,401 Terry Ave N,2067724266,,066,No,WA,F1,98109
BOSTON,Boston,MASTERS,Matthew067@gmail.com,GRADUATED,FALL,2014,SUMMER,2016,Matthew,M,Hall,360 Huntington Ave,6171852356,,067,No,MA,,02115
SEATTLE,Seattle,MASTERS,Richard068@gmail.com,GRADUATED,SPRING,2015,SUMMER,2017,Richard,M,Gray,401 Terry Ave N,2066902768,,068,No,WA,,98109
SEATTLE,Seattle,MASTERS,Sandra069@gmail.com,FULL_TIME,SPRING,2017,SUMMER,2019,Sandra,F,Brown,401 Terry Ave N,2067496723,,069,No,WA,,98109
BOSTON,Boston,MASTERS,Kenneth070@gmail.com,FULL_TIME,FALL,2017,SUMMER,2019,Kenneth,M,Wilson,360 Huntington Ave,6174098581,,070,No,MA,F1,02115
BOSTON,Boston,MASTERS,William071@gmail.com,FULL_TIME,SPRING,2016,SUMMER,2018,William,M,Miller,360 Huntington Ave,6179753046,,071,No,MA,,02115
SILICON_VALLEY,San Jose,MASTERS,Joseph072@gmail.com,FULL_TIME,FALL,2016,SUMMER,2018,Joseph,M,Johnson,Front Street,2203496963,,072,No,CA,,94080
CHARLOTTE,Charlotte,MASTERS,Sandra073@gmail.com,FULL_TIME,FALL,2017,SUMMER,2019,Sandra,F,Smith,101 N Tryon St,9804149694,,073,No,NC,,28246
BOSTON,Boston,MASTERS,Matthew074@gmail.com,FULL_TIME,SPRING,2017,SUMMER,2019,Matthew,M,Gray,360 Huntington Ave,6176545799,,074,No,MA,,02115
SEATTLE,Seattle,MASTERS,William075@gmail.com,FULL_TIME,SPRING,2017,SUMMER,2019,William,M,Wilson,401 Terry Ave N,2068223799,,075,Yes,WA,F1,98109
BOSTON,Boston,MASTERS,Kimberly076@gmail.com,FULL_TIME,SPRING,2017,SUMMER,2019,Kimberly,F,Allen,360 Huntington Ave,6174131849,,076,No,MA,,02115
SEATTLE,Seattle,MASTERS,Matthew077@gmail.com,FULL_TIME,FALL,2016,SUMMER,2018,Matthew,M,Hall,401 Terry Ave N,2063445681,,077,No,WA,F1,98109
SEATTLE,Seattle,MASTERS,Ashley078@gmail.com,FULL_TIME,SPRING,2018,SUMMER,2020,Ashley,F,Brown,401 Terry Ave N,2060136759,,078,Yes,WA,F1,98109
SEATTLE,Seattle,MASTERS,James079@gmail.com,FULL_TIME,FALL,2016,SUMMER,2018,James,M,White,401 Terry Ave N,2060563757,,079,No,WA,,98109
SEATTLE,Seattle,MASTERS,Patricia080@gmail.com,FULL_TIME,FALL,2018,SUMMER,2020,Patricia,F,Brown,401 Terry Ave N,2069647924,,080,No,WA,,98109
SEATTLE,Seattle,MASTERS,Linda081@gmail.com,FULL_TIME,FALL,2018,SUMMER,2020,Linda,F,Allen,401 Terry Ave N,2068571410,,081,No,WA,F1,98109
BOSTON,Boston,MASTERS,Carol082@gmail.com,GRADUATED,SPRING,2014,SUMMER,2016,Carol,F,Ward,360 Huntington Ave,6170323945,,082,No,MA,F1,02115
SEATTLE,Seattle,MASTERS,James083@gmail.com,FULL_TIME,FALL,2018,SUMMER,2020,James,M,Taylor,401 Terry Ave N,2061417903,,083,Yes,WA,F1,98109
BOSTON,Boston,MASTERS,Christopher084@gmail.com,FULL_TIME,FALL,2017,SUMMER,2019,Christopher,M,Jones,360 Huntington Ave,6176518809,,084,No,MA,F1,02115
BOSTON,Boston,MASTERS,Margaret085@gmail.com,FULL_TIME,FALL,2017,SUMMER,2019,Margaret,F,Taylor,360 Huntington Ave,6174434834,,085,No,MA,F1,02115
BOSTON,Boston,MASTERS,Jennifer086@gmail.com,GRADUATED,FALL,2015,SUMMER,2017,Jennifer,F,Allen,360 Huntington Ave,6179455014,,086,No,MA,F1,02115
BOSTON,Boston,MASTERS,Barbara087@gmail.com,FULL_TIME,FALL,2018,SUMMER,2020,Barbara,F,Wilson,360 Huntington Ave,6179572191,,087,No,MA,F1,02115
SEATTLE,Seattle,MASTERS,Donna088@gmail.com,GRADUATED,FALL,2014,SUMMER,2016,Donna,F,Hall,401 Terry Ave N,2069112740,,088,No,WA,,98109
SEATTLE,Seattle,MASTERS,Paul089@gmail.com,FULL_TIME,FALL,2017,SUMMER,2019,Paul,M,Perry,401 Terry Ave N,2063598160,,089,No,WA,F1,98109
BOSTON,Boston,MASTERS,Michael090@gmail.com,FULL_TIME,FALL,2017,SUMMER,2019,Michael,M,Jackson,360 Huntington Ave,6176822494,,090,No,MA,F1,02115
BOSTON,Boston,MASTERS,Mary091@gmail.com,FULL_TIME,SPRING,2018,SUMMER,2020,Mary,F,Wood,360 Huntington Ave,6171651867,,091,No,MA,F1,02115
SEATTLE,Seattle,MASTERS,Lisa092@gmail.com,FULL_TIME,FALL,2016,SUMMER,2018,Lisa,F,Smith,401 Terry Ave N,2060646598,,092,No,WA,,98109
SEATTLE,Seattle,MASTERS,Susan093@gmail.com,FULL_TIME,FALL,2018,SUMMER,2020,Susan,F,Miller,401 Terry Ave N,2065018479,,093,No,WA,F1,98109
SILICON_VALLEY,San Jose,MASTERS,Donald094@gmail.com,GRADUATED,FALL,2014,SUMMER,2016,Donald,M,Davis,Front Street,2200791990,,094,Yes,CA,F1,94080
SILICON_VALLEY,San Jose,MASTERS,Sandra095@gmail.com,FULL_TIME,FALL,2017,SUMMER,2019,Sandra,F,Wilson,Front Street,2206579873,,095,No,CA,F1,94080
BOSTON,Boston,MASTERS,Christopher096@gmail.com,FULL_TIME,FALL,2016,SUMMER,2018,Christopher,M,Smith,360 Huntington Ave,6176367412,,096,No,MA,,02115
SILICON_VALLEY,San Jose,MASTERS,Christopher097@gmail.com,FULL_TIME,FALL,2017,SUMMER,2019,Christopher,M,Taylor,Front Street,2206348033,,097,No,CA,F1,94080
BOSTON,Boston,MASTERS,Lisa098@gmail.com,FULL_TIME,FALL,2016,SUMMER,2018,Lisa,F,Perry,360 Huntington Ave,6175445781,,098,No,MA,F1,02115
SILICON_VALLEY,San Jose,MASTERS,Lisa099@gmail.com,GRADUATED,SPRING,2014,SUMMER,2016,Lisa,F,Jackson,Front Street,2209807630,,099,No,CA,,94080
SEATTLE,Seattle,MASTERS,Matthew100@gmail.com,FULL_TIME,SPRING,2018,SUMMER,2020,Matthew,M,Davis,401 Terry Ave N,2064039805,,100,No,WA,F1,98109
SILICON_VALLEY,San Jose,MASTERS,Karen101@gmail.com,GRADUATED,FALL,2014,SUMMER,2016,Karen,F,Wilson,Front Street,2202732080,,101,No,CA,,94080
SEATTLE,Seattle,MASTERS,Donna102@gmail.com,FULL_TIME,FALL,2018,SUMMER,2020,Donna,F,Lee,401 Terry Ave N,2066468101,,102,No,WA,,98109
BOSTON,Boston,MASTERS,Robert103@gmail.com,FULL_TIME,FALL,2018,SUMMER,2020,Robert,M,Wilson,360 Huntington Ave,6175260990,,103,No,MA,,02115
SEATTLE,Seattle,MASTERS,Donna104@gmail.com,GRADUATED,FALL,2014,SUMMER,2016,Donna,F,Wood,401 Terry Ave N,2067323242,,104,No,WA,,98109
CHARLOTTE,Charlotte,MASTERS,James105@gmail.com,FULL_TIME,FALL,2016,SUMMER,2018,James,M,Lopez,101 N Tryon St,9806578727,,105,No,NC,,28246
CHARLOTTE,Charlotte,MASTERS,Mary106@gmail.com,FULL_TIME,SPRING,2017,SUMMER,2019,Mary,F,Wood,101 N Tryon St,9806187968,,106,No,NC,,28246
BOSTON,Boston,MASTERS,Paul107@gmail.com,FULL_TIME,FALL,2016,SUMMER,2018,Paul,M,Perry,360 Huntington Ave,6171929895,,107,No,MA,F1,02115
BOSTON,Boston,MASTERS,Patricia108@gmail.com,FULL_TIME,FALL,2016,SUMMER,2018,Patricia,F,Wood,360 Huntington Ave,6171649059,,108,No,MA,,02115
BOSTON,Boston,MASTERS,Donald109@gmail.com,FULL_TIME,FALL,2018,SUMMER,2020,Donald,M,Lopez,360 Huntington Ave,6172693485,,109,No,MA,,02115
BOSTON,Boston,MASTERS,Lisa110@gmail.com,FULL_TIME,FALL,2017,SUMMER,2019,Lisa,F,Carter,360 Huntington Ave,6176943164,,110,No,MA,,02115
SEATTLE,Seattle,MASTERS,Richard111@gmail.com,PART_TIME,FALL,2017,SUMMER,2019,Richard,M,Smith,401 Terry Ave N,2063964819,,111,No,WA,,98109
BOSTON,Boston,MASTERS,Thomas112@gmail.com,FULL_TIME,FALL,2017,SUMMER,2019,Thomas,M,Johnson,360 Huntington Ave,6170014157,,112,No,MA,,02115
BOSTON,Boston,MASTERS,Nancy113@gmail.com,FULL_TIME,FALL,2018,SUMMER,2020,Nancy,F,Gray,360 Huntington Ave,6172539722,,113,No,MA,F1,02115
CHARLOTTE,Charlotte,MASTERS,Mary114@gmail.com,FULL_TIME,FALL,2017,SUMMER,2019,Mary,F,Smith,101 N Tryon St,9808693195,,114,No,NC,,28246
BOSTON,Boston,MASTERS,Carol115@gmail.com,FULL_TIME,FALL,2017,SUMMER,2019,Carol,F,Taylor,360 Huntington Ave,6170430082,,115,No,MA,,02115
SEATTLE,Seattle,MASTERS,Mark116@gmail.com,GRADUATED,FALL,2014,SUMMER,2016,Mark,M,Jackson,401 Terry Ave N,2066765437,,116,Yes,WA,F1,98109
BOSTON,Boston,MASTERS,Dorothy117@gmail.com,FULL_TIME,FALL,2018,SUMMER,2020,Dorothy,F,Carter,360 Huntington Ave,6178208638,,117,No,MA,F1,02115
SEATTLE,Seattle,MASTERS,Dorothy118@gmail.com,FULL_TIME,FALL,2016,SUMMER,2018,Dorothy,F,Wilson,401 Terry Ave N,2068090781,,118,No,WA,,98109
SILICON_VALLEY,San Jose,MASTERS,Sarah119@gmail.com,FULL_TIME,FALL,2018,SUMMER,2020,Sarah,F,Jones,Front Street,2204421451,,119,No,CA,,94080
BOSTON,Boston,MASTERS,Donald120@gmail.com,FULL_TIME,FALL,2018,SUMMER,2020,Donald,M,Gray,360 Huntington Ave,6174473943,,120,No,MA,F1,02115
BOSTON,Boston,MASTERS,Jessica121@gmail.com,FULL_TIME,FALL,2017,SUMMER,2019,Jessica,F,Wilson,360 Huntington Ave,6176606833,,121,No,MA,,02115
SEATTLE,Seattle,MASTERS,William122@gmail.com,FULL_TIME,SPRING,2017,SUMMER,2019,William,M,Brown,401 Terry Ave N,2061379825,,122,No,WA,,98109
SEATTLE,Seattle,MASTERS,Margaret123@gmail.com,PART_TIME,FALL,2018,SUMMER,2020,Margaret,F,Jones,401 Terry Ave N,2064873291,,123,No,WA,F1,98109
BOSTON,Boston,MASTERS,Anthony124@gmail.com,FULL_TIME,SPRING,2017,SUMMER,2019,Anthony,M,Allen,360 Huntington Ave,6173437544,,124,No,MA,F1,02115
CHARLOTTE,Charlotte,MASTERS,Kimberly125@gmail.com,GRADUATED,FALL,2015,SUMMER,2017,Kimberly,F,Wilson,101 N Tryon St,9805666613,,125,No,NC,,28246
BOSTON,Boston,MASTERS,Christopher126@gmail.com,FULL_TIME,SPRING,2018,SUMMER,2020,Christopher,M,Miller,360 Huntington Ave,6179814342,,126,No,MA,,02115
BOSTON,Boston,MASTERS,Paul127@gmail.com,FULL_TIME,FALL,2016,SUMMER,2018,Paul,M,Wilson,360 Huntington Ave,6172454588,,127,No,MA,,02115
CHARLOTTE,Charlotte,MASTERS,Joseph128@gmail.com,FULL_TIME,FALL,2017,SUMMER,2019,Joseph,M,Wilson,101 N Tryon St,9805373491,,128,No,NC,,28246
SEATTLE,Seattle,MASTERS,John129@gmail.com,FULL_TIME,FALL,2017,SUMMER,2019,John,M,Lee,401 Terry Ave N,2061312664,,129,No,WA,,98109
BOSTON,Boston,MASTERS,Linda130@gmail.com,FULL_TIME,SPRING,2018,SUMMER,2020,Linda,F,Johnson,360 Huntington Ave,6173506285,,130,No,MA,,02115
CHARLOTTE,Charlotte,MASTERS,Matthew131@gmail.com,FULL_TIME,FALL,2018,SUMMER,2020,Matthew,M,Allen,101 N Tryon St,9805123435,,131,No,NC,,28246
BOSTON,Boston,MASTERS,Thomas132@gmail.com,FULL_TIME,FALL,2017,SUMMER,2019,Thomas,M,Brown,360 Huntington Ave,6178524201,,132,No,MA,F1,02115
SILICON_VALLEY,San Jose,MASTERS,Susan133@gmail.com,FULL_TIME,FALL,2018,SUMMER,2020,Susan,F,Miller,Front Street,2207195739,,133,Yes,CA,F1,94080
BOSTON,Boston,MASTERS,Jennifer134@gmail.com,FULL_TIME,FALL,2017,SUMMER,2019,Jennifer,F,White,360 Huntington Ave,6177691103,,134,No,MA,,02115
SILICON_VALLEY,San Jose,MASTERS,Charles135@gmail.com,GRADUATED,FALL,2014,SUMMER,2016,Charles,M,Lee,Front Street,2204040771,,135,No,CA,,94080
SEATTLE,Seattle,MASTERS,Andrew136@gmail.com,FULL_TIME,FALL,2016,SUMMER,2018,Andrew,M,Jones,401 Terry Ave N,2061014347,,136,No,WA,,98109
BOSTON,Boston,MASTERS,Jennifer137@gmail.com,FULL_TIME,SPRING,2018,SUMMER,2020,Jennifer,F,Lee,360 Huntington Ave,6171751561,,137,No,MA,,02115
SEATTLE,Seattle,MASTERS,Sarah138@gmail.com,GRADUATED,FALL,2015,SUMMER,2017,Sarah,F,Brown,401 Terry Ave N,2068189031,,138,No,WA,,98109
BOSTON,Boston,MASTERS,William139@gmail.com,GRADUATED,FALL,2015,SUMMER,2017,William,M,Johnson,360 Huntington Ave,6175558707,,139,No,MA,,02115
CHARLOTTE,Charlotte,MASTERS,James140@gmail.com,FULL_TIME,FALL,2018,SUMMER,2020,James,M,Jackson,101 N Tryon St,9805163700,,140,No,NC,,28246
SEATTLE,Seattle,MASTERS,Robert141@gmail.com,FULL_TIME,FALL,2016,SUMMER,2018,Robert,M,Williams,401 Terry Ave N,2061105658,,141,No,WA,,98109
SILICON_VALLEY,San Jose,MASTERS,Susan142@gmail.com,FULL_TIME,FALL,2016,SUMMER,2018,Susan,F,Carter,Front Street,2201608534,,142,No,CA,,94080
SEATTLE,Seattle,MASTERS,Kenneth143@gmail.com,FULL_TIME,FALL,2017,SUMMER,2019,Kenneth,M,Jones,401 Terry Ave N,2069141085,,143,Yes,WA,F1,98109
SEATTLE,Seattle,MASTERS,Carol144@gmail.com,FULL_TIME,FALL,2017,SUMMER,2019,Carol,F,Wood,401 Terry Ave N,2064244891,,144,No,WA,F1,98109
BOSTON,Boston,MASTERS,Linda145@gmail.com,FULL_TIME,SPRING,2018,SUMMER,2020,Linda,F,Carter,360 Huntington Ave,6174508155,,145,Yes,MA,F1,02115
SILICON_VALLEY,San Jose,MASTERS,Linda146@gmail.com,GRADUATED,FALL,2015,SUMMER,2017,Linda,F,Smith,Front Street,2201118199,,146,No,CA,F1,94080
SEATTLE,Seattle,MASTERS,Betty147@gmail.com,FULL_TIME,FALL,2016,SUMMER,2018,Betty,F,Jackson,401 Terry Ave N,2061000810,,147,No,WA,,98109
CHARLOTTE,Charlotte,MASTERS,Mary148@gmail.com,FULL_TIME,FALL,2017,SUMMER,2019,Mary,F,Wilson,101 N Tryon St,9801977705,,148,No,NC,,28246
BOSTON,Boston,MASTERS,Lisa149@gmail.com,FULL_TIME,FALL,2016,SUMMER,2018,Lisa,F,Jones,360 Huntington Ave,6175133095,,149,No,MA,F1,02115
SEATTLE,Seattle,MASTERS,Mary150@gmail.com,GRADUATED,FALL,2014,SUMMER,2016,Mary,F,Jones,401 Terry Ave N,2064621901,,150,No,WA,,98109
BOSTON,Boston,MASTERS,Ashley151@gmail.com,FULL_TIME,FALL,2018,SUMMER,2020,Ashley,F,Lopez,360 Huntington Ave,6175686596,,151,No,MA,,02115
BOSTON,Boston,MASTERS,Daniel152@gmail.com,FULL_TIME,FALL,2016,SUMMER,2018,Daniel,M,Perry,360 Huntington Ave,6176059181,,152,No,MA,F1,02115
SEATTLE,Seattle,MASTERS,Andrew153@gmail.com,FULL_TIME,FALL,2017,SUMMER,2019,Andrew,M,Perry,401 Terry Ave N,2067681223,,153,No,WA,,98109
SEATTLE,Seattle,MASTERS,Joseph154@gmail.com,FULL_TIME,SPRING,2016,SUMMER,2018,Joseph,M,Jackson,401 Terry Ave N,2063986540,,154,No,WA,F1,98109
BOSTON,Boston,MASTERS,Sarah155@gmail.com,FULL_TIME,SPRING,2017,SUMMER,2019,Sarah,F,Jackson,360 Huntington Ave,6176649289,,155,No,MA,F1,02115
SEATTLE,Seattle,MASTERS,Betty156@gmail.com,FULL_TIME,SPRING,2017,SUMMER,2019,Betty,F,Wood,401 Terry Ave N,2065730545,,156,No,WA,F1,98109
SEATTLE,Seattle,MASTERS,Joseph157@gmail.com,FULL_TIME,FALL,2018,SUMMER,2020,Joseph,M,Allen,401 Terry Ave N,2064544606,,157,No,WA,F1,98109
SEATTLE,Seattle,MASTERS,Carol158@gmail.com,FULL_TIME,FALL,2016,SUMMER,2018,Carol,F,Brown,401 Terry Ave N,2068493225,,158,No,WA,F1,98109
BOSTON,Boston,MASTERS,Ashley159@gmail.com,FULL_TIME,SPRING,2016,SUMMER,2018,Ashley,F,Johnson,360 Huntington Ave,6174875409,,159,No,MA,,02115
SEATTLE,Seattle,MASTERS,Margaret160@gmail.com,FULL_TIME,FALL,2018,SUMMER,2020,Margaret,F,Lee,401 Terry Ave N,2069758774,,160,Yes,WA,F1,98109
SEATTLE,Seattle,MASTERS,Betty161@gmail.com,GRADUATED,SPRING,2014,SUMMER,2016,Betty,F,Williams,401 Terry Ave N,2066011109,,161,No,WA,,98109
SEATTLE,Seattle,MASTERS,Thomas162@gmail.com,GRADUATED,SPRING,2015,SUMMER,2017,Thomas,M,Hall,401 Terry Ave N,2061458235,,162,No,WA,,98109
SEATTLE,Seattle,MASTERS,Michael163@gmail.com,FULL_TIME,FALL,2018,SUMMER,2020,Michael,M,Lopez,401 Terry Ave N,2065501139,,163,No,WA,,98109
SILICON_VALLEY,San Jose,MASTERS,Daniel164@gmail.com,GRADUATED,FALL,2014,SUMMER,2016,Daniel,M,Wilson,Front Street,2202040261,,164,No,CA,F1,94080
CHARLOTTE,Charlotte,MASTERS,Susan165@gmail.com,FULL_TIME,FALL,2016,SUMMER,2018,Susan,F,Allen,101 N Tryon St,9800759696,,165,No,NC,,28246
SEATTLE,Seattle,MASTERS,Matthew166@gmail.com,FULL_TIME,FALL,2017,SUMMER,2019,Matthew,M,White,401 Terry Ave N,2065627426,,166,No,WA,,98109
BOSTON,Boston,MASTERS,Ashley167@gmail.com,FULL_TIME,FALL,2016,SUMMER,2018,Ashley,F,Smith,360 Huntington Ave,6170757329,,167,Yes,MA,F1,02115
SEATTLE,Seattle,MASTERS,Donna168@gmail.com,FULL_TIME,FALL,2018,SUMMER,2020,Donna,F,Hall,401 Terry Ave N,2062709460,,168,Yes,WA,F1,98109
BOSTON,Boston,MASTERS,Lisa169@gmail.com,FULL_TIME,FALL,2017,SUMMER,2019,Lisa,F,Gray,360 Huntington Ave,6178741813,,169,No,MA,F1,02115
BOSTON,Boston,MASTERS,Andrew170@gmail.com,FULL_TIME,FALL,2017,SUMMER,2019,Andrew,M,Lee,360 Huntington Ave,6173592167,,170,No,MA,F1,02115
BOSTON,Boston,MASTERS,Paul171@gmail.com,FULL_TIME,FALL,2017,SUMMER,2019,Paul,M,Smith,360 Huntington Ave,6176237640,,171,Yes,MA,F1,02115
BOSTON,Boston,MASTERS,Charles172@gmail.com,GRADUATED,FALL,2014,SUMMER,2016,Charles,M,Johnson,360 Huntington Ave,6174638503,,172,No,MA,,02115
CHARLOTTE,Charlotte,MASTERS,Michael173@gmail.com,FULL_TIME,FALL,2017,SUMMER,2019,Michael,M,Miller,101 N Tryon St,9807295490,,173,No,NC,,28246
SEATTLE,Seattle,MASTERS,Kimberly174@gmail.com,FULL_TIME,FALL,2018,SUMMER,2020,Kimberly,F,Perry,401 Terry Ave N,2069101009,,174,No,WA,F1,98109
SEATTLE,Seattle,MASTERS,Nancy175@gmail.com,GRADUATED,SPRING,2015,SUMMER,2017,Nancy,F,Hall,401 Terry Ave N,2064738284,,175,No,WA,,98109
SEATTLE,Seattle,MASTERS,Thomas176@gmail.com,GRADUATED,FALL,2014,SUMMER,2016,Thomas,M,Lee,401 Terry Ave N,2066701731,,176,No,WA,F1,98109
SEATTLE,Seattle,MASTERS,Charles177@gmail.com,FULL_TIME,FALL,2017,SUMMER,2019,Charles,M,Williams,401 Terry Ave N,2065302695,,177,No,WA,,98109
BOSTON,Boston,MASTERS,Anthony178@gmail.com,FULL_TIME,FALL,2017,SUMMER,2019,Anthony,M,Carter,360 Huntington Ave,6179649826,,178,No,MA,F1,02115
SEATTLE,Seattle,MASTERS,Donna179@gmail.com,FULL_TIME,FALL,2017,SUMMER,2019,Donna,F,Taylor,401 Terry Ave N,2064827954,,179,No,WA,F1,98109
BOSTON,Boston,MASTERS,Jessica180@gmail.com,FULL_TIME,SPRING,2018,SUMMER,2020,Jessica,F,Smith,360 Huntington Ave,6175119849,,180,No,MA,,02115
SILICON_VALLEY,San Jose,MASTERS,Margaret181@gmail.com,GRADUATED,FALL,2015,SUMMER,2017,Margaret,F,Davis,Front Street,2204172311,,181,No,CA,,94080
SEATTLE,Seattle,MASTERS,David182@gmail.com,FULL_TIME,SPRING,2016,SUMMER,2018,David,M,White,401 Terry Ave N,2064965489,,182,Yes,WA,F1,98109
BOSTON,Boston,MASTERS,Carol183@gmail.com,GRADUATED,SPRING,2014,SUMMER,2016,Carol,F,Lee,360 Huntington Ave,6174255514,,183,No,MA,,02115
SEATTLE,Seattle,MASTERS,James184@gmail.com,FULL_TIME,FALL,2018,SUMMER,2020,James,M,Perry,401 Terry Ave N,2061048305,,184,No,WA,F1,98109
SEATTLE,Seattle,MASTERS,Patricia185@gmail.com,FULL_TIME,FALL,2017,SUMMER,2019,Patricia,F,White,401 Terry Ave N,2062666299,,185,No,WA,F1,98109
CHARLOTTE,Charlotte,MASTERS,Dorothy186@gmail.com,FULL_TIME,FALL,2017,SUMMER,2019,Dorothy,F,Lopez,101 N Tryon St,9806442004,,186,Yes,NC,F1,28246
BOSTON,Boston,MASTERS,Richard187@gmail.com,FULL_TIME,FALL,2018,SUMMER,2020,Richard,M,Williams,360 Huntington Ave,6178457834,,187,No,MA,,02115
SEATTLE,Seattle,MASTERS,Sarah188@gmail.com,FULL_TIME,FALL,2017,SUMMER,2019,Sarah,F,Brown,401 Terry Ave N,2066099168,,188,No,WA,,98109
SEATTLE,Seattle,MASTERS,Betty189@gmail.com,FULL_TIME,FALL,2016,SUMMER,2018,Betty,F,Lopez,401 Terry Ave N,2069828893,,189,No,WA,F1,98109
CHARLOTTE,Charlotte,MASTERS,Ashley190@gmail.com,FULL_TIME,FALL,2018,SUMMER,2020,Ashley,F,Smith,101 N Tryon St,9802889253,,190,No,NC,,28246
BOSTON,Boston,MASTERS,Linda191@gmail.com,FULL_TIME,SPRING,2017,SUMMER,2019,Linda,F,Lopez,360 Huntington Ave,6177774957,,191,No,MA,F1,02115
CHARLOTTE,Charlotte,MASTERS,Michael192@gmail.com,FULL_TIME,FALL,2017,SUMMER,2019,Michael,M,Jones,101 N Tryon St,9806318625,,192,No,NC,,28246
SEATTLE,Seattle,MASTERS,Steven193@gmail.com,FULL_TIME,FALL,2018,SUMMER,2020,Steven,M,White,401 Terry Ave N,2067058889,,193,No,WA,,98109
BOSTON,Boston,MASTERS,Carol194@gmail.com,FULL_TIME,FALL,2018,SUMMER,2020,Carol,F,Jones,360 Huntington Ave,6177422394,,194,No,MA,,02115
SEATTLE,Seattle,MASTERS,Margaret195@gmail.com,FULL_TIME,SPRING,2016,SUMMER,2018,Margaret,F,Wood,401 Terry Ave N,2068196826,,195,No,WA,,98109
SEATTLE,Seattle,MASTERS,Paul196@gmail.com,FULL_TIME,FALL,2018,SUMMER,2020,Paul,M,Lee,401 Terry Ave N,2067441587,,196,Yes,WA,F1,98109
BOSTON,Boston,MASTERS,Andrew197@gmail.com,FULL_TIME,FALL,2017,SUMMER,2019,Andrew,M,Jones,360 Huntington Ave,6172072325,,197,No,MA,,02115
SILICON_VALLEY,San Jose,MASTERS,Dorothy198@gmail.com,FULL_TIME,FALL,2018,SUMMER,2020,Dorothy,F,Taylor,Front Street,2208545172,,198,No,CA,F1,94080
BOSTON,Boston,MASTERS,Richard199@gmail.com,PART_TIME,FALL,2016,SUMMER,2018,Richard,M,Williams,360 Huntington Ave,6173221309,,199,No,MA,,02115
SEATTLE,Seattle,MASTERS,Dorothy200@gmail.com,FULL_TIME,FALL,2016,SUMMER,2018,Dorothy,F,Johnson,401 Terry Ave N,2069046630,,200,No,WA,,98109
BOSTON,Boston,MASTERS,Karen201@gmail.com,FULL_TIME,FALL,2017,SUMMER,2019,Karen,F,Smith,360 Huntington Ave,6175299920,,201,No,MA,F1,02115
SEATTLE,Seattle,MASTERS,Margaret202@gmail.com,FULL_TIME,FALL,2016,SUMMER,2018,Margaret,F,Perry,401 Terry Ave N,2068881114,,202,No,WA,,98109
SEATTLE,Seattle,MASTERS,Sandra203@gmail.com,FULL_TIME,FALL,2018,SUMMER,2020,Sandra,F,Miller,401 Terry Ave N,2060715334,,203,No,WA,,98109
BOSTON,Boston,MASTERS,Elizabeth204@gmail.com,GRADUATED,FALL,2015,SUMMER,2017,Elizabeth,F,Brown,360 Huntington Ave,6172029025,,204,No,MA,,02115
SEATTLE,Seattle,MASTERS,Elizabeth205@gmail.com,FULL_TIME,FALL,2017,SUMMER,2019,Elizabeth,F,Gray,401 Terry Ave N,2065798056,,205,Yes,WA,F1,98109
BOSTON,Boston,MASTERS,Andrew206@gmail.com,GRADUATED,SPRING,2015,SUMMER,2017,Andrew,M,Ward,360 Huntington Ave,6174114336,,206,Yes,MA,F1,02115
SEATTLE,Seattle,MASTERS,Ashley207@gmail.com,PART_TIME,FALL,2018,SUMMER,2020,Ashley,F,Lopez,401 Terry Ave N,2065440779,,207,No,WA,,98109
BOSTON,Boston,MASTERS,Dorothy208@gmail.com,GRADUATED,SPRING,2015,SUMMER,2017,Dorothy,F,Jones,360 Huntington Ave,6176301876,,208,No,MA,,02115
BOSTON,Boston,MASTERS,Kenneth209@gmail.com,GRADUATED,FALL,2014,SUMMER,2016,Kenneth,M,Brown,360 Huntington Ave,6170839173,,209,Yes,MA,F1,02115
BOSTON,Boston,MASTERS,James210@gmail.com,GRADUATED,FALL,2014,SUMMER,2016,James,M,Carter,360 Huntington Ave,6177018400,,210,No,MA,F1,02115
BOSTON,Boston,MASTERS,Susan211@gmail.com,GRADUATED,FALL,2015,SUMMER,2017,Susan,F,Gray,360 Huntington Ave,6175606770,,211,No,MA,,02115
SEATTLE,Seattle,MASTERS,Susan212@gmail.com,FULL_TIME,FALL,2017,SUMMER,2019,Susan,F,Johnson,401 Terry Ave N,2063267801,,212,Yes,WA,F1,98109
SEATTLE,Seattle,MASTERS,Christopher213@gmail.com,FULL_TIME,FALL,2018,SUMMER,2020,Christopher,M,Davis,401 Terry Ave N,2066602272,,213,No,WA,,98109
SILICON_VALLEY,San Jose,MASTERS,Charles214@gmail.com,GRADUATED,FALL,2014,SUMMER,2016,Charles,M,Jackson,Front Street,2201759110,,214,No,CA,,94080
SILICON_VALLEY,San Jose,MASTERS,Donna215@gmail.com,FULL_TIME,FALL,2017,SUMMER,2019,Donna,F,Hall,Front Street,2200147755,,215,No,CA,,94080
BOSTON,Boston,MASTERS,Karen216@gmail.com,FULL_TIME,FALL,2018,SUMMER,2020,Karen,F,Williams,360 Huntington Ave,6175643571,,216,Yes,MA,F1,02115
SEATTLE,Seattle,MASTERS,Andrew217@gmail.com,FULL_TIME,SPRING,2016,SUMMER,2018,Andrew,M,Carter,401 Terry Ave N,2061215894,,217,No,WA,F1,98109
BOSTON,Boston,MASTERS,Dorothy218@gmail.com,FULL_TIME,SPRING,2018,SUMMER,2020,Dorothy,F,Wood,360 Huntington Ave,6171639774,,218,No,MA,F1,02115
BOSTON,Boston,MASTERS,William219@gmail.com,FULL_TIME,FALL,2017,SUMMER,2019,William,M,Ward,360 Huntington Ave,6175896065,,219,No,MA,,02115
SEATTLE,Seattle,MASTERS,William220@gmail.com,GRADUATED,SPRING,2015,SUMMER,2017,William,M,Ward,401 Terry Ave N,2062008064,,220,No,WA,,98109
SEATTLE,Seattle,MASTERS,Mary221@gmail.com,FULL_TIME,FALL,2018,SUMMER,2020,Mary,F,Gray,401 Terry Ave N,2063192724,,221,No,WA,,98109
SEATTLE,Seattle,MASTERS,Joseph222@gmail.com,FULL_TIME,FALL,2018,SUMMER,2020,Joseph,M,Taylor,401 Terry Ave N,2061206173,,222,No,WA,,98109
SEATTLE,Seattle,MASTERS,Anthony223@gmail.com,FULL_TIME,FALL,2017,SUMMER,2019,Anthony,M,Allen,401 Terry Ave N,2067119258,,223,No,WA,F1,98109
SILICON_VALLEY,San Jose,MASTERS,Donna224@gmail.com,FULL_TIME,FALL,2017,SUMMER,2019,Donna,F,Carter,Front Street,2206059473,,224,No,CA,,94080
SEATTLE,Seattle,MASTERS,Mary225@gmail.com,GRADUATED,FALL,2014,SUMMER,2016,Mary,F,Johnson,401 Terry Ave N,2064266538,,225,No,WA,,98109
SEATTLE,Seattle,MASTERS,Susan226@gmail.com,FULL_TIME,FALL,2016,SUMMER,2018,Susan,F,Jones,401 Terry Ave N,2063561001,,226,No,WA,,98109
SEATTLE,Seattle,MASTERS,Karen227@gmail.com,FULL_TIME,FALL,2018,SUMMER,2020,Karen,F,Smith,401 Terry Ave N,2060034550,,227,No,WA,,98109
CHARLOTTE,Charlotte,MASTERS,Jessica228@gmail.com,FULL_TIME,FALL,2016,SUMMER,2018,Jessica,F,Gray,101 N Tryon St,9805346594,,228,No,NC,,28246
CHARLOTTE,Charlotte,MASTERS,Daniel229@gmail.com,FULL_TIME,FALL,2018,SUMMER,2020,Daniel,M,Jackson,101 N Tryon St,9802371420,,229,Yes,NC,F1,28246
SEATTLE,Seattle,MASTERS,John230@gmail.com,FULL_TIME,FALL,2018,SUMMER,2020,John,M,Lopez,401 Terry Ave N,2069386240,,230,No,WA,F1,98109
SILICON_VALLEY,San Jose,MASTERS,Sarah231@gmail.com,FULL_TIME,FALL,2017,SUMMER,2019,Sarah,F,White,Front Street,2200482822,,231,No,CA,F1,94080
SEATTLE,Seattle,MASTERS,Patricia232@gmail.com,FULL_TIME,FALL,2018,SUMMER,2020,Patricia,F,Ward,401 Terry Ave N,2064830998,,232,No,WA,,98109
BOSTON,Boston,MASTERS,Ashley233@gmail.com,GRADUATED,FALL,2015,SUMMER,2017,Ashley,F,Allen,360 Huntington Ave,6173610815,,233,No,MA,F1,02115
SEATTLE,Seattle,MASTERS,Jessica234@gmail.com,FULL_TIME,SPRING,2017,SUMMER,2019,Jessica,F,Gray,401 Terry Ave N,2066319428,,234,No,WA,,98109
BOSTON,Boston,MASTERS,Steven235@gmail.com,FULL_TIME,FALL,2016,SUMMER,2018,Steven,M,Taylor,360 Huntington Ave,6175472475,,235,No,MA,,02115
SEATTLE,Seattle,MASTERS,Mark236@gmail.com,GRADUATED,FALL,2015,SUMMER,2017,Mark,M,Miller,401 Terry Ave N,2067721839,,236,No,WA,,98109
SEATTLE,Seattle,MASTERS,Jennifer237@gmail.com,FULL_TIME,FALL,2018,SUMMER,2020,Jennifer,F,Lee,401 Terry Ave N,2065862033,,237,Yes,WA,F1,98109
BOSTON,Boston,MASTERS,Matthew238@gmail.com,GRADUATED,SPRING,2015,SUMMER,2017,Matthew,M,Jones,360 Huntington Ave,6173078311,,238,No,MA,F1,02115
SEATTLE,Seattle,MASTERS,Carol239@gmail.com,FULL_TIME,FALL,2018,SUMMER,2020,Carol,F,White,401 Terry Ave N,2063600410,,239,No,WA,F1,98109
SEATTLE,Seattle,MASTERS,Barbara240@gmail.com,FULL_TIME,SPRING,2016,SUMMER,2018,Barbara,F,Miller,401 Terry Ave N,2068742361,,240,No,WA,F1,98109
BOSTON,Boston,MASTERS,Robert241@gmail.com,GRADUATED,FALL,2014,SUMMER,2016,Robert,M,Johnson,360 Huntington Ave,6178071785,,241,No,MA,F1,02115
BOSTON,Boston,MASTERS,Barbara242@gmail.com,FULL_TIME,FALL,2018,SUMMER,2020,Barbara,F,Allen,360 Huntington Ave,6177578270,,242,Yes,MA,F1,02115
SEATTLE,Seattle,MASTERS,James243@gmail.com,FULL_TIME,FALL,2018,SUMMER,2020,James,M,Lee,401 Terry Ave N,2064831466,,243,No,WA,,98109
BOSTON,Boston,MASTERS,Michael244@gmail.com,FULL_TIME,FALL,2018,SUMMER,2020,Michael,M,Davis,360 Huntington Ave,6173032522,,244,No,MA,F1,02115
BOSTON,Boston,MASTERS,Donald245@gmail.com,GRADUATED,FALL,2014,SUMMER,2016,Donald,M,Jackson,360 Huntington Ave,6171561351,,245,No,MA,F1,02115
CHARLOTTE,Charlotte,MASTERS,Jessica246@gmail.com,FULL_TIME,FALL,2018,SUMMER,2020,Jessica,F,Davis,101 N Tryon St,9804359571,,246,No,NC,F1,28246
SEATTLE,Seattle,MASTERS,Barbara247@gmail.com,FULL_TIME,FALL,2018,SUMMER,2020,Barbara,F,Brown,401 Terry Ave N,2065722962,,247,No,WA,F1,98109
BOSTON,Boston,MASTERS,Anthony248@gmail.com,FULL_TIME,FALL,2017,SUMMER,2019,Anthony,M,Taylor,360 Huntington Ave,6177632635,,248,No,MA,,02115
SEATTLE,Seattle,MASTERS,Patricia249@gmail.com,GRADUATED,SPRING,2015,SUMMER,2017,Patricia,F,White,401 Terry Ave N,2060249976,,249,No,WA,,98109
SEATTLE,Seattle,MASTERS,Susan250@gmail.com,FULL_TIME,FALL,2017,SUMMER,2019,Susan,F,Hall,401 Terry Ave N,2061041289,,250,No,WA,F1,98109
BOSTON,Boston,MASTERS,Jennifer251@gmail.com,GRADUATED,FALL,2015,SUMMER,2017,Jennifer,F,Smith,360 Huntington Ave,6174971704,,251,No,MA,,02115
SEATTLE,Seattle,MASTERS,Thomas252@gmail.com,FULL_TIME,FALL,2017,SUMMER,2019,Thomas,M,Williams,401 Terry Ave N,2069648952,,252,No,WA,F1,98109
SEATTLE,Seattle,MASTERS,Betty253@gmail.com,FULL_TIME,SPRING,2017,SUMMER,2019,Betty,F,Miller,401 Terry Ave N,2069932786,,253,No,WA,,98109
SEATTLE,Seattle,MASTERS,Kimberly254@gmail.com,FULL_TIME,FALL,2016,SUMMER,2018,Kimberly,F,White,401 Terry Ave N,2063549398,,254,No,WA,F1,98109
CHARLOTTE,Charlotte,MASTERS,Linda255@gmail.com,FULL_TIME,FALL,2017,SUMMER,2019,Linda,F,Williams,101 N Tryon St,9804089304,,255,Yes,NC,F1,28246
SEATTLE,Seattle,MASTERS,Thomas256@gmail.com,FULL_TIME,FALL,2016,SUMMER,2018,Thomas,M,Gray,401 Terry Ave N,2061430952,,256,No,WA,,98109
CHARLOTTE,Charlotte,MASTERS,Sandra257@gmail.com,FULL_TIME,FALL,2018,SUMMER,2020,Sandra,F,Hall,101 N Tryon St,9804394323,,257,No,NC,F1,28246
SEATTLE,Seattle,MASTERS,Steven258@gmail.com,GRADUATED,SPRING,2014,SUMMER,2016,Steven,M,Hall,401 Terry Ave N,2060223858,,258,No,WA,,98109
CHARLOTTE,Charlotte,MASTERS,Margaret259@gmail.com,FULL_TIME,SPRING,2016,SUMMER,2018,Margaret,F,Jackson,101 N Tryon St,9807083920,,259,No,NC,F1,28246
BOSTON,Boston,MASTERS,Charles260@gmail.com,GRADUATED,FALL,2015,SUMMER,2017,Charles,M,Smith,360 Huntington Ave,6179519546,,260,No,MA,F1,02115
BOSTON,Boston,MASTERS,John261@gmail.com,FULL_TIME,SPRING,2018,SUMMER,2020,John,M,Lee,360 Huntington Ave,6175913093,,261,No,MA,,02115
SILICON_VALLEY,San Jose,MASTERS,Sarah262@gmail.com,FULL_TIME,FALL,2018,SUMMER,2020,Sarah,F,Smith,Front Street,2203113264,,262,No,CA,,94080
SEATTLE,Seattle,MASTERS,Sandra263@gmail.com,GRADUATED,FALL,2014,SUMMER,2016,Sandra,F,White,401 Terry Ave N,2062306707,,263,No,WA,,98109
BOSTON,Boston,MASTERS,William264@gmail.com,FULL_TIME,SPRING,2017,SUMMER,2019,William,M,Wood,360 Huntington Ave,6174952743,,264,No,MA,F1,02115
BOSTON,Boston,MASTERS,Nancy265@gmail.com,FULL_TIME,FALL,2017,SUMMER,2019,Nancy,F,Davis,360 Huntington Ave,6176719122,,265,No,MA,,02115
BOSTON,Boston,MASTERS,Daniel266@gmail.com,FULL_TIME,FALL,2018,SUMMER,2020,Daniel,M,Hall,360 Huntington Ave,6178591157,,266,No,MA,F1,02115
BOSTON,Boston,MASTERS,Barbara267@gmail.com,FULL_TIME,FALL,2017,SUMMER,2019,Barbara,F,Jones,360 Huntington Ave,6175773382,,267,No,MA,F1,02115
BOSTON,Boston,MASTERS,Paul268@gmail.com,GRADUATED,FALL,2014,SUMMER,2016,Paul,M,Gray,360 Huntington Ave,6178112615,,268,Yes,MA,F1,02115
CHARLOTTE,Charlotte,MASTERS,Michael269@gmail.com,FULL_TIME,FALL,2017,SUMMER,2019,Michael,M,Wilson,101 N Tryon St,9804124302,,269,No,NC,,28246
BOSTON,Boston,MASTERS,Kenneth270@gmail.com,FULL_TIME,FALL,2018,SUMMER,2020,Kenneth,M,Ward,360 Huntington Ave,6175626636,,270,No,MA,F1,02115
SEATTLE,Seattle,MASTERS,Kimberly271@gmail.com,GRADUATED,FALL,2014,SUMMER,2016,Kimberly,F,Johnson,401 Terry Ave N,2064511227,,271,No,WA,,98109
BOSTON,Boston,MASTERS,Donna272@gmail.com,GRADUATED,FALL,2014,SUMMER,2016,Donna,F,Jackson,360 Huntington Ave,6171376372,,272,Yes,MA,F1,02115
SEATTLE,Seattle,MASTERS,Mary273@gmail.com,FULL_TIME,FALL,2017,SUMMER,2019,Mary,F,Miller,401 Terry Ave N,2068346960,,273,No,WA,F1,98109
SEATTLE,Seattle,MASTERS,Margaret274@gmail.com,FULL_TIME,FALL,2017,SUMMER,2019,Margaret,F,Ward,401 Terry Ave N,2067702146,,274,No,WA,,98109
BOSTON,Boston,MASTERS,Lisa275@gmail.com,FULL_TIME,FALL,2018,SUMMER,2020,Lisa,F,Miller,360 Huntington Ave,6171597276,,275,No,MA,,02115
SILICON_VALLEY,San Jose,MASTERS,Carol276@gmail.com,FULL_TIME,FALL,2017,SUMMER,2019,Carol,F,Jones,Front Street,2202737945,,276,No,CA,F1,94080
SEATTLE,Seattle,MASTERS,Paul277@gmail.com,FULL_TIME,FALL,2016,SUMMER,2018,Paul,M,Johnson,401 Terry Ave N,2064431610,,277,Yes,WA,F1,98109
BOSTON,Boston,MASTERS,Mark278@gmail.com,FULL_TIME,FALL,2017,SUMMER,2019,Mark,M,Wood,360 Huntington Ave,6173563964,,278,No,MA,,02115
BOSTON,Boston,MASTERS,Anthony279@gmail.com,FULL_TIME,FALL,2017,SUMMER,2019,Anthony,M,Jackson,360 Huntington Ave,6171194491,,279,No,MA,,02115
BOSTON,Boston,MASTERS,Kimberly280@gmail.com,FULL_TIME,FALL,2018,SUMMER,2020,Kimberly,F,Hall,360 Huntington Ave,6178302243,,280,No,MA,F1,02115
CHARLOTTE,Charlotte,MASTERS,Andrew281@gmail.com,GRADUATED,SPRING,2015,SUMMER,2017,Andrew,M,Taylor,101 N Tryon St,9800927241,,281,No,NC,,28246
SEATTLE,Seattle,MASTERS,Christopher282@gmail.com,FULL_TIME,FALL,2017,SUMMER,2019,Christopher,M,Ward,401 Terry Ave N,2064050130,,282,No,WA,,98109
SEATTLE,Seattle,MASTERS,Robert283@gmail.com,FULL_TIME,FALL,2016,SUMMER,2018,Robert,M,Wilson,401 Terry Ave N,2060751368,,283,No,WA,F1,98109
CHARLOTTE,Charlotte,MASTERS,Sarah284@gmail.com,GRADUATED,FALL,2014,SUMMER,2016,Sarah,F,Perry,101 N Tryon St,9809220971,,284,No,NC,,28246
SEATTLE,Seattle,MASTERS,Nancy285@gmail.com,FULL_TIME,FALL,2016,SUMMER,2018,Nancy,F,Wilson,401 Terry Ave N,2064140877,,285,No,WA,,98109
SEATTLE,Seattle,MASTERS,David286@gmail.com,FULL_TIME,FALL,2016,SUMMER,2018,David,M,Taylor,401 Terry Ave N,2067939861,,286,No,WA,F1,98109
SEATTLE,Seattle,MASTERS,Michael287@gmail.com,GRADUATED,SPRING,2015,SUMMER,2017,Michael,M,Lopez,401 Terry Ave N,2063201223,,287,No,WA,,98109
SEATTLE,Seattle,MASTERS,Margaret288@gmail.com,FULL_TIME,FALL,2018,SUMMER,2020,Margaret,F,Davis,401 Terry Ave N,2066414511,,288,No,WA,F1,98109
BOSTON,Boston,MASTERS,Andrew289@gmail.com,FULL_TIME,FALL,2017,SUMMER,2019,Andrew,M,Brown,360 Huntington Ave,6173332923,,289,No,MA,F1,02115
SEATTLE,Seattle,MASTERS,Betty290@gmail.com,FULL_TIME,FALL,2018,SUMMER,2020,Betty,F,Allen,401 Terry Ave N,2062461118,,290,Yes,WA,F1,98109
SEATTLE,Seattle,MASTERS,Barbara291@gmail.com,FULL_TIME,SPRING,2017,SUMMER,2019,Barbara,F,Taylor,401 Terry Ave N,2069810883,,291,No,WA,,98109
SEATTLE,Seattle,MASTERS,Sandra292@gmail.com,FULL_TIME,SPRING,2017,SUMMER,2019,Sandra,F,Hall,401 Terry Ave N,2069399217,,292,No,WA,,98109
SEATTLE,Seattle,MASTERS,Matthew293@gmail.com,FULL_TIME,FALL,2018,SUMMER,2020,Matthew,M,Wood,401 Terry Ave N,2065127697,,293,No,WA,,98109
BOSTON,Boston,MASTERS,Sandra294@gmail.com,FULL_TIME,SPRING,2017,SUMMER,2019,Sandra,F,Lopez,360 Huntington Ave,6172925452,,294,No,MA,F1,02115
BOSTON,Boston,MASTERS,Sarah295@gmail.com,FULL_TIME,FALL,2016,SUMMER,2018,Sarah,F,Allen,360 Huntington Ave,6171264513,,295,Yes,MA,F1,02115
CHARLOTTE,Charlotte,MASTERS,Paul296@gmail.com,FULL_TIME,FALL,2018,SUMMER,2020,Paul,M,Davis,101 N Tryon St,9808844105,,296,No,NC,,28246
SEATTLE,Seattle,MASTERS,Donald297@gmail.com,FULL_TIME,FALL,2016,SUMMER,2018,Donald,M,Hall,401 Terry Ave N,2063183752,,297,No,WA,,98109
SILICON_VALLEY,San Jose,MASTERS,Matthew298@gmail.com,FULL_TIME,FALL,2018,SUMMER,2020,Matthew,M,Smith,Front Street,2202856230,,298,No,CA,,94080
CHARLOTTE,Charlotte,MASTERS,Sarah299@gmail.com,GRADUATED,SPRING,2015,SUMMER,2017,Sarah,F,Allen,101 N Tryon St,9809901660,,299,No,NC,,28246
BOSTON,Boston,MASTERS,Daniel300@gmail.com,FULL_TIME,FALL,2016,SUMMER,2018,Daniel,M,Miller,360 Huntington Ave,6172416002,,300,Yes,MA,F1,02115
SEATTLE,Seattle,MASTERS,Matthew301@gmail.com,GRADUATED,SPRING,2014,SUMMER,2016,Matthew,M,Williams,401 Terry Ave N,2063150740,,301,No,WA,F1,98109
SILICON_VALLEY,San Jose,MASTERS,Margaret302@gmail.com,FULL_TIME,FALL,2018,SUMMER,2020,Margaret,F,Taylor,Front Street,2202488777,,302,No,CA,,94080
BOSTON,Boston,MASTERS,Elizabeth303@gmail.com,FULL_TIME,SPRING,2017,SUMMER,2019,Elizabeth,F,Wood,360 Huntington Ave,6171865669,,303,No,MA,,02115
SILICON_VALLEY,San Jose,MASTERS,Sandra304@gmail.com,GRADUATED,FALL,2015,SUMMER,2017,Sandra,F,Davis,Front Street,2202426774,,304,No,CA,,94080
BOSTON,Boston,MASTERS,Elizabeth305@gmail.com,GRADUATED,FALL,2015,SUMMER,2017,Elizabeth,F,Jones,360 Huntington Ave,6172873060,,305,No,MA,F1,02115
SEATTLE,Seattle,MASTERS,Ashley306@gmail.com,FULL_TIME,FALL,2017,SUMMER,2019,Ashley,F,White,401 Terry Ave N,2064441268,,306,No,WA,,98109
SEATTLE,Seattle,MASTERS,Jennifer307@gmail.com,FULL_TIME,FALL,2017,SUMMER,2019,Jennifer,F,Perry,401 Terry Ave N,2062771576,,307,No,WA,F1,98109
BOSTON,Boston,MASTERS,Elizabeth308@gmail.com,FULL_TIME,FALL,2016,SUMMER,2018,Elizabeth,F,Smith,360 Huntington Ave,6170694554,,308,No,MA,F1,02115
SEATTLE,Seattle,MASTERS,James309@gmail.com,FULL_TIME,FALL,2018,SUMMER,2020,James,M,Smith,401 Terry Ave N,2066389339,,309,No,WA,F1,98109
SILICON_VALLEY,San Jose,MASTERS,Robert310@gmail.com,GRADUATED,FALL,2015,SUMMER,2017,Robert,M,Johnson,Front Street,2204925508,,310,No,CA,F1,94080
BOSTON,Boston,MASTERS,Karen311@gmail.com,GRADUATED,FALL,2014,SUMMER,2016,Karen,F,Brown,360 Huntington Ave,6175086496,,311,Yes,MA,F1,02115
BOSTON,Boston,MASTERS,Lisa312@gmail.com,FULL_TIME,FALL,2018,SUMMER,2020,Lisa,F,Gray,360 Huntington Ave,6179906260,,312,No,MA,,02115
BOSTON,Boston,MASTERS,Thomas313@gmail.com,GRADUATED,FALL,2014,SUMMER,2016,Thomas,M,Perry,360 Huntington Ave,6174293878,,313,No,MA,,02115
BOSTON,Boston,MASTERS,Margaret314@gmail.com,FULL_TIME,FALL,2016,SUMMER,2018,Margaret,F,Jackson,360 Huntington Ave,6175438867,,314,Yes,MA,F1,02115
SILICON_VALLEY,San Jose,MASTERS,William315@gmail.com,FULL_TIME,FALL,2018,SUMMER,2020,William,M,Carter,Front Street,2202411657,,315,No,CA,,94080
SEATTLE,Seattle,MASTERS,Mark316@gmail.com,FULL_TIME,FALL,2017,SUMMER,2019,Mark,M,Lopez,401 Terry Ave N,2068516014,,316,Yes,WA,F1,98109
SILICON_VALLEY,San Jose,MASTERS,Jessica317@gmail.com,FULL_TIME,SPRING,2018,SUMMER,2020,Jessica,F,White,Front Street,2200699893,,317,No,CA,,94080
SEATTLE,Seattle,MASTERS,Paul318@gmail.com,GRADUATED,FALL,2015,SUMMER,2017,Paul,M,Davis,401 Terry Ave N,2068304759,,318,No,WA,,98109
SEATTLE,Seattle,MASTERS,Matthew319@gmail.com,FULL_TIME,FALL,2018,SUMMER,2020,Matthew,M,Brown,401 Terry Ave N,2067564440,,319,No,WA,F1,98109
SILICON_VALLEY,San Jose,MASTERS,Nancy320@gmail.com,FULL_TIME,FALL,2018,SUMMER,2020,Nancy,F,Brown,Front Street,2203860994,,320,No,CA,,94080
SEATTLE,Seattle,MASTERS,Susan321@gmail.com,FULL_TIME,FALL,2018,SUMMER,2020,Susan,F,Miller,401 Terry Ave N,2061894354,,321,Yes,WA,F1,98109
CHARLOTTE,Charlotte,MASTERS,Karen322@gmail.com,FULL_TIME,FALL,2016,SUMMER,2018,Karen,F,Lopez,101 N Tryon St,9802098819,,322,No,NC,F1,28246
CHARLOTTE,Charlotte,MASTERS,Elizabeth323@gmail.com,FULL_TIME,FALL,2016,SUMMER,2018,Elizabeth,F,Taylor,101 N Tryon St,9805328737,,323,No,NC,F1,28246
SEATTLE,Seattle,MASTERS,Karen324@gmail.com,FULL_TIME,FALL,2018,SUMMER,2020,Karen,F,Brown,401 Terry Ave N,2065613632,,324,Yes,WA,F1,98109
BOSTON,Boston,MASTERS,Charles325@gmail.com,FULL_TIME,FALL,2018,SUMMER,2020,Charles,M,Johnson,360 Huntington Ave,6170828549,,325,No,MA,,02115
SEATTLE,Seattle,MASTERS,Charles326@gmail.com,FULL_TIME,FALL,2016,SUMMER,2018,Charles,M,Taylor,401 Terry Ave N,2064020498,,326,No,WA,F1,98109
BOSTON,Boston,MASTERS,Mary327@gmail.com,GRADUATED,FALL,2015,SUMMER,2017,Mary,F,Williams,360 Huntington Ave,6178871815,,327,No,MA,,02115
SEATTLE,Seattle,MASTERS,William328@gmail.com,FULL_TIME,FALL,2017,SUMMER,2019,William,M,Lee,401 Terry Ave N,2064343669,,328,No,WA,,98109
CHARLOTTE,Charlotte,MASTERS,Robert329@gmail.com,FULL_TIME,FALL,2017,SUMMER,2019,Robert,M,Johnson,101 N Tryon St,9801406405,,329,No,NC,F1,28246
BOSTON,Boston,MASTERS,Kenneth330@gmail.com,FULL_TIME,FALL,2016,SUMMER,2018,Kenneth,M,Williams,360 Huntington Ave,6172726034,,330,No,MA,,02115
SEATTLE,Seattle,MASTERS,Carol331@gmail.com,GRADUATED,FALL,2015,SUMMER,2017,Carol,F,Carter,401 Terry Ave N,2061212828,,331,No,WA,,98109
BOSTON,Boston,MASTERS,Steven332@gmail.com,FULL_TIME,SPRING,2016,SUMMER,2018,Steven,M,Lee,360 Huntington Ave,6171792490,,332,No,MA,,02115
SEATTLE,Seattle,MASTERS,David333@gmail.com,GRADUATED,SPRING,2014,SUMMER,2016,David,M,Wood,401 Terry Ave N,2069754724,,333,No,WA,,98109
BOSTON,Boston,MASTERS,Linda334@gmail.com,FULL_TIME,FALL,2016,SUMMER,2018,Linda,F,Williams,360 Huntington Ave,6179609139,,334,No,MA,,02115
SILICON_VALLEY,San Jose,MASTERS,Sandra335@gmail.com,FULL_TIME,FALL,2018,SUMMER,2020,Sandra,F,White,Front Street,2202767660,,335,No,CA,,94080
SILICON_VALLEY,San Jose,MASTERS,Carol336@gmail.com,FULL_TIME,FALL,2017,SUMMER,2019,Carol,F,Wood,Front Street,2200348859,,336,No,CA,,94080
BOSTON,Boston,MASTERS,Mary337@gmail.com,FULL_TIME,SPRING,2017,SUMMER,2019,Mary,F,Wood,360 Huntington Ave,6177897985,,337,No,MA,F1,02115
SEATTLE,Seattle,MASTERS,Margaret338@gmail.com,FULL_TIME,FALL,2017,SUMMER,2019,Margaret,F,Williams,401 Terry Ave N,2065391701,,338,No,WA,,98109
SEATTLE,Seattle,MASTERS,Steven339@gmail.com,FULL_TIME,FALL,2018,SUMMER,2020,Steven,M,Lee,401 Terry Ave N,2060606629,,339,No,WA,F1,98109
BOSTON,Boston,MASTERS,Christopher340@gmail.com,FULL_TIME,SPRING,2018,SUMMER,2020,Christopher,M,Ward,360 Huntington Ave,6171613745,,340,No,MA,,02115
SEATTLE,Seattle,MASTERS,Mary341@gmail.com,FULL_TIME,FALL,2018,SUMMER,2020,Mary,F,Miller,401 Terry Ave N,2063356000,,341,No,WA,F1,98109
BOSTON,Boston,MASTERS,Kenneth342@gmail.com,FULL_TIME,FALL,2018,SUMMER,2020,Kenneth,M,Lopez,360 Huntington Ave,6175168026,,342,No,MA,,02115
BOSTON,Boston,MASTERS,Dorothy343@gmail.com,FULL_TIME,FALL,2018,SUMMER,2020,Dorothy,F,Carter,360 Huntington Ave,6175102840,,343,No,MA,F1,02115
BOSTON,Boston,MASTERS,David344@gmail.com,FULL_TIME,FALL,2017,SUMMER,2019,David,M,Wilson,360 Huntington Ave,6178576065,,344,No,MA,,02115
SILICON_VALLEY,San Jose,MASTERS,Linda345@gmail.com,FULL_TIME,FALL,2018,SUMMER,2020,Linda,F,Perry,Front Street,2206007530,,345,No,CA,,94080
SEATTLE,Seattle,MASTERS,Christopher346@gmail.com,FULL_TIME,FALL,2018,SUMMER,2020,Christopher,M,Lee,401 Terry Ave N,2061914775,,346,No,WA,F1,98109
BOSTON,Boston,MASTERS,Nancy347@gmail.com,FULL_TIME,FALL,2017,SUMMER,2019,Nancy,F,Miller,360 Huntington Ave,6171465139,,347,No,MA,F1,02115
SEATTLE,Seattle,MASTERS,Christopher348@gmail.com,FULL_TIME,FALL,2018,SUMMER,2020,Christopher,M,Taylor,401 Terry Ave N,2067721342,,348,No,WA,,98109
SEATTLE,Seattle,MASTERS,Richard349@gmail.com,GRADUATED,FALL,2014,SUMMER,2016,Richard,M,Davis,401 Terry Ave N,2069996031,,349,No,WA,,98109
BOSTON,Boston,MASTERS,Michael350@gmail.com,FULL_TIME,SPRING,2018,SUMMER,2020,Michael,M,Carter,360 Huntington Ave,6177076600,,350,No,MA,,02115
SILICON_VALLEY,San Jose,MASTERS,John351@gmail.com,FULL_TIME,SPRING,2016,SUMMER,2018,John,M,Hall,Front Street,2206851063,,351,No,CA,F1,94080
BOSTON,Boston,MASTERS,Christopher352@gmail.com,FULL_TIME,FALL,2017,SUMMER,2019,Christopher,M,Gray,360 Huntington Ave,6179887684,,352,No,MA,,02115
SEATTLE,Seattle,MASTERS,Patricia353@gmail.com,GRADUATED,FALL,2014,SUMMER,2016,Patricia,F,Wilson,401 Terry Ave N,2061885538,,353,Yes,WA,F1,98109
BOSTON,Boston,MASTERS,Dorothy354@gmail.com,FULL_TIME,FALL,2018,SUMMER,2020,Dorothy,F,Jones,360 Huntington Ave,6178678572,,354,No,MA,,02115
SEATTLE,Seattle,MASTERS,Richard355@gmail.com,FULL_TIME,SPRING,2018,SUMMER,2020,Richard,M,Gray,401 Terry Ave N,2063762581,,355,No,WA,,98109
CHARLOTTE,Charlotte,MASTERS,Matthew356@gmail.com,FULL_TIME,SPRING,2018,SUMMER,2020,Matthew,M,Allen,101 N Tryon St,9807417504,,356,No,NC,F1,28246
BOSTON,Boston,MASTERS,Christopher357@gmail.com,GRADUATED,FALL,2014,SUMMER,2016,Christopher,M,Wilson,360 Huntington Ave,6176147547,,357,No,MA,,02115
SEATTLE,Seattle,MASTERS,Kenneth358@gmail.com,GRADUATED,FALL,2015,SUMMER,2017,Kenneth,M,Jackson,401 Terry Ave N,2062139655,,358,No,WA,,98109
SEATTLE,Seattle,MASTERS,Matthew359@gmail.com,FULL_TIME,FALL,2017,SUMMER,2019,Matthew,M,Johnson,401 Terry Ave N,2064607526,,359,No,WA,,98109
SEATTLE,Seattle,MASTERS,Donna360@gmail.com,GRADUATED,FALL,2015,SUMMER,2017,Donna,F,Gray,401 Terry Ave N,2066765773,,360,No,WA,F1,98109
SEATTLE,Seattle,MASTERS,Charles361@gmail.com,FULL_TIME,FALL,2017,SUMMER,2019,Charles,M,Lee,401 Terry Ave N,2066681303,,361,No,WA,,98109
SEATTLE,Seattle,MASTERS,Mark362@gmail.com,GRADUATED,FALL,2014,SUMMER,2016,Mark,M,Williams,401 Terry Ave N,2062395077,,362,Yes,WA,F1,98109
CHARLOTTE,Charlotte,MASTERS,John363@gmail.com,GRADUATED,FALL,2014,SUMMER,2016,John,M,Williams,101 N Tryon St,9805282338,,363,No,NC,F1,28246
BOSTON,Boston,MASTERS,Betty364@gmail.com,FULL_TIME,FALL,2018,SUMMER,2020,Betty,F,Johnson,360 Huntington Ave,6176378515,,364,No,MA,,02115
SILICON_VALLEY,San Jose,MASTERS,Ashley365@gmail.com,FULL_TIME,FALL,2017,SUMMER,2019,Ashley,F,Johnson,Front Street,2209437774,,365,No,CA,F1,94080
CHARLOTTE,Charlotte,MASTERS,Ashley366@gmail.com,FULL_TIME,FALL,2018,SUMMER,2020,Ashley,F,Ward,101 N Tryon St,9803582305,,366,No,NC,F1,28246
SEATTLE,Seattle,MASTERS,Paul367@gmail.com,GRADUATED,FALL,2014,SUMMER,2016,Paul,M,Allen,401 Terry Ave N,2063068027,,367,No,WA,,98109
BOSTON,Boston,MASTERS,James368@gmail.com,FULL_TIME,FALL,2016,SUMMER,2018,James,M,Brown,360 Huntington Ave,6176057220,,368,No,MA,F1,02115
SEATTLE,Seattle,MASTERS,Mark369@gmail.com,GRADUATED,FALL,2014,SUMMER,2016,Mark,M,Wilson,401 Terry Ave N,2068718048,,369,No,WA,,98109
BOSTON,Boston,MASTERS,Nancy370@gmail.com,FULL_TIME,FALL,2016,SUMMER,2018,Nancy,F,Wilson,360 Huntington Ave,6173080408,,370,No,MA,,02115
CHARLOTTE,Charlotte,MASTERS,Jessica371@gmail.com,FULL_TIME,FALL,2018,SUMMER,2020,Jessica,F,Jackson,101 N Tryon St,9807029345,,371,No,NC,,28246
BOSTON,Boston,MASTERS,James372@gmail.com,FULL_TIME,SPRING,2018,SUMMER,2020,James,M,Lopez,360 Huntington Ave,6179598366,,372,No,MA,F1,02115
SEATTLE,Seattle,MASTERS,Christopher373@gmail.com,FULL_TIME,FALL,2018,SUMMER,2020,Christopher,M,Taylor,401 Terry Ave N,2061271978,,373,No,WA,,98109
CHARLOTTE,Charlotte,MASTERS,William374@gmail.com,FULL_TIME,FALL,2016,SUMMER,2018,William,M,Brown,101 N Tryon St,9807907006,,374,No,NC,,28246
BOSTON,Boston,MASTERS,Jennifer375@gmail.com,FULL_TIME,FALL,2017,SUMMER,2019,Jennifer,F,White,360 Huntington Ave,6174061901,,375,No,MA,F1,02115
SEATTLE,Seattle,MASTERS,Sarah376@gmail.com,FULL_TIME,FALL,2018,SUMMER,2020,Sarah,F,Perry,401 Terry Ave N,2067059219,,376,No,WA,F1,98109
SEATTLE,Seattle,MASTERS,Kimberly377@gmail.com,FULL_TIME,SPRING,2016,SUMMER,2018,Kimberly,F,Lopez,401 Terry Ave N,2069981723,,377,No,WA,,98109
SEATTLE,Seattle,MASTERS,Donald378@gmail.com,FULL_TIME,FALL,2018,SUMMER,2020,Donald,M,Ward,401 Terry Ave N,2063053928,,378,No,WA,,98109
BOSTON,Boston,MASTERS,Kenneth379@gmail.com,FULL_TIME,FALL,2017,SUMMER,2019,Kenneth,M,Wood,360 Huntington Ave,6171776630,,379,No,MA,,02115
SILICON_VALLEY,San Jose,MASTERS,Barbara380@gmail.com,GRADUATED,FALL,2014,SUMMER,2016,Barbara,F,Hall,Front Street,2201754126,,380,No,CA,F1,94080
BOSTON,Boston,MASTERS,Ashley381@gmail.com,FULL_TIME,FALL,2017,SUMMER,2019,Ashley,F,Carter,360 Huntington Ave,6174588244,,381,No,MA,,02115
SILICON_VALLEY,San Jose,MASTERS,Donna382@gmail.com,FULL_TIME,FALL,2017,SUMMER,2019,Donna,F,Williams,Front Street,2203371568,,382,No,CA,F1,94080
CHARLOTTE,Charlotte,MASTERS,Patricia383@gmail.com,FULL_TIME,FALL,2017,SUMMER,2019,Patricia,F,Taylor,101 N Tryon St,9803701003,,383,No,NC,,28246
CHARLOTTE,Charlotte,MASTERS,Christopher384@gmail.com,FULL_TIME,FALL,2016,SUMMER,2018,Christopher,M,Jones,101 N Tryon St,9805826804,,384,No,NC,F1,28246
BOSTON,Boston,MASTERS,Richard385@gmail.com,FULL_TIME,FALL,2017,SUMMER,2019,Richard,M,Williams,360 Huntington Ave,6178652261,,385,Yes,MA,F1,02115
BOSTON,Boston,MASTERS,William386@gmail.com,FULL_TIME,FALL,2018,SUMMER,2020,William,M,Allen,360 Huntington Ave,6176557228,,386,No,MA,F1,02115
SEATTLE,Seattle,MASTERS,Barbara387@gmail.com,GRADUATED,FALL,2015,SUMMER,2017,Barbara,F,Hall,401 Terry Ave N,2062583148,,387,No,WA,,98109
BOSTON,Boston,MASTERS,Margaret388@gmail.com,FULL_TIME,FALL,2018,SUMMER,2020,Margaret,F,Ward,360 Huntington Ave,6173751825,,388,No,MA,F1,02115
SEATTLE,Seattle,MASTERS,Karen389@gmail.com,FULL_TIME,FALL,2017,SUMMER,2019,Karen,F,Hall,401 Terry Ave N,2066379077,,389,No,WA,F1,98109
BOSTON,Boston,MASTERS,Richard390@gmail.com,FULL_TIME,FALL,2017,SUMMER,2019,Richard,M,Smith,360 Huntington Ave,6173890290,,390,No,MA,,02115
CHARLOTTE,Charlotte,MASTERS,Karen391@gmail.com,FULL_TIME,FALL,2018,SUMMER,2020,Karen,F,Miller,101 N Tryon St,9809875613,,391,No,NC,F1,28246
SEATTLE,Seattle,MASTERS,Sandra392@gmail.com,FULL_TIME,FALL,2018,SUMMER,2020,Sandra,F,Perry,401 Terry Ave N,2060098786,,392,No,WA,,98109
SILICON_VALLEY,San Jose,MASTERS,Matthew393@gmail.com,GRADUATED,FALL,2014,SUMMER,2016,Matthew,M,Miller,Front Street,2207063886,,393,Yes,CA,F1,94080
SEATTLE,Seattle,MASTERS,Donald394@gmail.com,FULL_TIME,FALL,2017,SUMMER,2019,Donald,M,Taylor,401 Terry Ave N,2060887883,,394,No,WA,F1,98109
SEATTLE,Seattle,MASTERS,Carol395@gmail.com,FULL_TIME,FALL,2016,SUMMER,2018,Carol,F,Jackson,401 Terry Ave N,2061862208,,395,No,WA,,98109
CHARLOTTE,Charlotte,MASTERS,Nancy396@gmail.com,FULL_TIME,SPRING,2018,SUMMER,2020,Nancy,F,Wilson,101 N Tryon St,9807421242,,396,No,NC,F1,28246
SEATTLE,Seattle,MASTERS,Donna397@gmail.com,FULL_TIME,FALL,2018,SUMMER,2020,Donna,F,Davis,401 Terry Ave N,2066541431,,397,No,WA,,98109
CHARLOTTE,Charlotte,MASTERS,Jessica398@gmail.com,FULL_TIME,FALL,2017,SUMMER,2019,Jessica,F,Miller,101 N Tryon St,9804654488,,398,No,NC,,28246
SEATTLE,Seattle,MASTERS,Jennifer399@gmail.com,GRADUATED,FALL,2014,SUMMER,2016,Jennifer,F,Carter,401 Terry Ave N,2065804114,,399,No,WA,,98109
